{
    "13": {
        "0": "RING",
        "1": "RING_LINEAR",
        "2": "RING_CIRCLE",
        "3": "SPRA",
        "4": "SPRB",
        "5": "3SPRING",
        "6": "BIGJUMP",
        "7": "KASOKU",
        "8": "SAVEPOINT",
        "9": "SWITCH",
        "10": "ITEMBOX",
        "11": "ITEMBOXAIR",
        "12": "ITEMBOXBALLOON",
        "13": "LEVUPDAI",
        "14": "GOALRING",
        "15": "EMERALD",
        "16": "UDREEL",
        "17": "ORI",
        "18": "DYNAMITE",
        "19": "CONTWOOD",
        "20": "CONTIRON",
        "21": "ROCKET",
        "22": "ROCKETMISSSILE",
        "23": "SCHBOX",
        "24": "HINTBOX",
        "25": "MSGER",
        "26": "SSS",
        "27": "SOLIDBOX",
        "28": "DMYOBJ",
        "29": "SOAP SW",
        "30": "SKULL",
        "31": "PSKULL",
        "32": "CHAOPIPE",
        "33": "MINIMAL",
        "34": "WSMMLS",
        "35": "CONTCHAO",
        "36": "STOPLSD",
        "37": "KNUDAI",
        "38": "KDASIBA",
        "39": "KDWARPHOLE",
        "40": "KDDOOR",
        "41": "KDITEMBOX",
        "42": "KDDRNGL",
        "43": "KDDRNGC",
        "44": "KDSPRING",
        "45": "KDSPRINGB",
        "46": "SPHERE",
        "47": "CCYL",
        "48": "CCUBE",
        "49": "CWALL",
        "50": "CCIRCLE",
        "51": "MODMOD",
        "52": "EFFOBJ0",
        "53": "EFFLENSF",
        "54": "BUNCHIN",
        "55": "IRONBALL2",
        "56": "E KUMI",
        "57": "E AI",
        "58": "LIGHT SW",
        "59": "BOARDCOL",
        "60": "CARMAN",
        "61": "CARKAZ",
        "62": "TJUMPDAI",
        "63": "HAMMER",
        "64": "TRUCK",
        "65": "IRONBAR",
        "66": "TREEST",
        "67": "SWDRNGL",
        "68": "SWDRNGC",
        "69": "TREESHADOWS",
        "70": "LAMP",
        "71": "CARMANC",
        "72": "SIGNS",
        "73": "SIGNS_F",
        "74": "SBLG",
        "75": "ROADOBJ",
        "76": "PALM",
        "77": "BOARD",
        "78": "CARKAZ_S",
        "79": "SLIDER",
        "80": "GREEN_B",
        "81": "ADXCHG",
        "82": "BAR",
        "83": "FENCES",
        "84": "FENCEL",
        "85": "BIG THE CAT",
        "86": "SIGNBOARD",
        "87": "POSTER",
        "88": "TREESTNB",
        "89": "POSTER3",
        "90": "LINKLINK",
        "91": "E PATH",
        "92": "GUIDANCE",
        "93": "E GOLD",
        "94": "SARROW",
        "95": "TRBACK",
        "96": "CARMAN_NEAR",
        "97": "SE_PATCAR",
        "98": "SE_KAZE",
        "99": "POSTERM",
        "100": "NOINPCOL",
        "101": "PIC"
    },
    "16": {
        "0": "RING",
        "1": "RING_LINEAR",
        "2": "RING_CIRCLE",
        "3": "SPRA",
        "4": "SPRB",
        "5": "3SPRING",
        "6": "BIGJUMP",
        "7": "KASOKU",
        "8": "SAVEPOINT",
        "9": "SWITCH",
        "10": "ITEMBOX",
        "11": "ITEMBOXAIR",
        "12": "ITEMBOXBALLOON",
        "13": "LEVUPDAI",
        "14": "GOALRING",
        "15": "EMERALD",
        "16": "UDREEL",
        "17": "ORI",
        "18": "DYNAMITE",
        "19": "CONTWOOD",
        "20": "CONTIRON",
        "21": "ROCKET",
        "22": "ROCKETMISSSILE",
        "23": "SCHBOX",
        "24": "HINTBOX",
        "25": "MSGER",
        "26": "SSS",
        "27": "SOLIDBOX",
        "28": "DMYOBJ",
        "29": "SOAP SW",
        "30": "SKULL",
        "31": "PSKULL",
        "32": "CHAOPIPE",
        "33": "MINIMAL",
        "33": "WSMMLS",
        "35": "CONTCHAO",
        "36": "STOPLSD",
        "37": "KNUDAI",
        "38": "KDASIBA",
        "39": "KDWARPHOLE",
        "40": "KDDOOR",
        "41": "KDITEMBOX",
        "42": "KDDRNGL",
        "43": "KDDRNGC",
        "44": "KDSPRING",
        "45": "KDSPRINGB",
        "46": "SPHERE",
        "47": "CCYL",
        "48": "CCUBE",
        "49": "CWALL",
        "50": "CCIRCLE",
        "51": "MODMOD",
        "52": "EFFOBJ0",
        "53": "EFFLENSF",
        "54": "BUNCHIN",
        "55": "IRONBALL2",
        "56": "E KYOKO",
        "57": "E KUMI",
        "58": "WIND",
        "59": "ROCK",
        "60": "DMYOBJ (copy)",
        "61": "unknown",
        "62": "E EMI",
        "63": "FLAG",
        "64": "BOARD",
        "65": "BOX",
        "66": "STONEHEAD",
        "67": "FAN",
        "68": "BOARD2",
        "69": "POLE",
        "70": "BONE",
        "71": "LIGHT SW",
        "72": "WARP",
        "73": "E GOLD",
        "74": "FLAGLOW",
        "75": "SG_ITEMBOX",
        "76": "SG_RING",
        "77": "SG_SPRA",
        "78": "SG_SPRB",
        "79": "SG_SEARCHBOX",
        "80": "ITEMBOX2_B",
        "81": "G LIGHT SW",
        "82": "RING (copy)",
        "83": "WARP_N",
        "84": "EMERALD_F"
    }
}
